<?xml version="1.0" encoding="UTF-8"?>
<ArchiveDeliveryRequestReply xmlns="fr:gouv:ae:archive:draft:standard_echange_v0.2">
  <Comment>Votre demande de communication d'archives a été prise en compte par la plate-forme as@lae</Comment>
  <Date>2018-06-07T13:54:24+02:00</Date>
  <DeliveryRequestIdentifier>25651-rfc37xhs3g</DeliveryRequestIdentifier>
  <DeliveryRequestReplyIdentifier>ADLRR_38</DeliveryRequestReplyIdentifier>
  <ReplyCode listVersionID="edition 2009">000</ReplyCode>
  <UnitIdentifier>ark:/25651/rfw8v1v81g</UnitIdentifier>
  <AccessRequester>
    <Identification>ark:/25651/rfk54146jg/vbj6mc0s05</Identification>
    <Name>Direction des Finances. CD33</Name>
    <Contact>
      <Identification>ark:/25651/rfk54146jg/qr6x8d91t9</Identification>
      <PersonName>Géraldine Martin</PersonName>
    </Contact>
  </AccessRequester>
  <ArchivalAgency>
    <Identification>ark:/25651/rfk54146jg/ct4dhv0w23</Identification>
    <Name>Archives départementales de la Gironde</Name>
    <Contact>
      <Identification>ark:/25651/rfk54146jg/b0t3ngn3g4</Identification>
      <PersonName>Delphine Jamet</PersonName>
    </Contact>
  </ArchivalAgency>
</ArchiveDeliveryRequestReply>
