<?xml version="1.0" encoding="UTF-8" standalone="yes"?>
<seance>
    <SEA_ASSEMBLEE>Conseil</SEA_ASSEMBLEE>
    <SEA_TYPE></SEA_TYPE>
    <SEA_DT_DEBUT>19/07/2012</SEA_DT_DEBUT>
    <SEA_HEURE_DEBUT>18h00</SEA_HEURE_DEBUT>
    <SEA_DT_FIN>19/07/2012</SEA_DT_FIN>
    <SEA_PRESIDENT>M. J.-P. MOURE</SEA_PRESIDENT>
    <SEA_LIEU>Salle du Conseil</SEA_LIEU>
    <SEA_REUNION_THEME>Mardi 10 juillet 2012 à 11h00</SEA_REUNION_THEME>
    <SEA_CALENDRIER>
        <Commission>
            <Label>Finances</Label>
        </Commission>
        <Commission>
            <Label>Environnement</Label>
        </Commission>
        <Commission>
            <Label>Urbanisme et Politique Foncière</Label>
        </Commission>
        <Commission>
            <Label>Tramway, Transports, Déplacements</Label>
        </Commission>
        <Commission>
            <Label>Montpellier Méditerranée Technopole : Développement Economique et Emploi</Label>
        </Commission>
        <Commission>
            <Label>Artisanat, Commerce, Marché d'Intérêt National</Label>
        </Commission>
        <Commission>
            <Label>Innovation</Label>
        </Commission>
        <Commission>
            <Label>Contentieux, Affaires Juridiques, Assurances, Archives et Moyens Internes</Label>
        </Commission>
        <Commission>
            <Label>Personnel</Label>
        </Commission>
        <Commission>
            <Label>Politique de la ville, Logement, Habitat</Label>
        </Commission>
        <Commission>
            <Label>Santé, Handicap, Accessibilité et Gérontopôle</Label>
        </Commission>
        <Commission>
            <Label>Culture, Enseignements Artistiques</Label>
        </Commission>
        <Commission>
            <Label>Sports</Label>
        </Commission>
        <Commission>
            <Label>Lutte contre les Inondations</Label>
        </Commission>
        <Commission>
            <Label>Eau et Assainissement</Label>
        </Commission>
        <Commission>
            <Label>Protection des animaux, Fourrière Animale</Label>
        </Commission>
        <Commission>
            <Label>Voirie, Jalonnement</Label>
        </Commission>
        <Commission>
            <Label>Hors Commission</Label>
        </Commission>
        <Commission>
            <Label>Communication</Label>
        </Commission>
        <Commission>
            <Label>Copropriétés</Label>
        </Commission>
        <Commission>
            <Label>Développement Durable, Energies Nouvelles et Gestion des Temps</Label>
        </Commission>
        <Commission>
            <Label>Ecolothèque</Label>
        </Commission>
        <Commission>
            <Label>Economie Agricole, Viticole, Traditions Populaires et Ruralité, Relations avec la Chasse et la Pêche</Label>
        </Commission>
        <Commission>
            <Label>Insertion par l'Economique</Label>
        </Commission>
        <Commission>
            <Label>Relations Internationales</Label>
        </Commission>
        <Commission>
            <Label>Service Funéraire</Label>
        </Commission>
        <Commission>
            <Label>Tourisme</Label>
        </Commission>
    </SEA_CALENDRIER>
    <SEA_COMMENT>
        <CMT_COMMENTAIRE></CMT_COMMENTAIRE>
    </SEA_COMMENT>
    <SEA_CLOTUREE>NON</SEA_CLOTUREE>
    <file>
        <Label>Echéancier</Label>
        <link>/seance_19217/0_Echeancier_19-07-121328023391176.pdf</link>
    </file>
    <file>
        <Label>Emargement bureau</Label>
        <link>/seance_19217/1_Emargement_10-07-121343315245876.pdf</link>
    </file>
    <file>
        <Label>Compte rendu</Label>
        <link>/seance_19217/2_CR_19-07-121343315284909.rtf</link>
    </file>
    <file>
        <Label>Déclaratif</Label>
        <link>/seance_19217/3_Declaratif_13-071343315305971.pdf</link>
    </file>
    <file>
        <Label>Liste des affaires</Label>
        <link>/seance_19217/4_liste_16-071343315355395.rtf</link>
    </file>
    <file>
        <Label>calendrier Commissions</Label>
        <link>/seance_19217/5_calendrier_commission_19-07-121343315389149.doc</link>
    </file>
    <file>
        <Label>Procés verbal</Label>
        <link>/seance_19217/6_PV1343315437491.rtf</link>
    </file>
    <file>
        <Label>Synthèse décisions</Label>
        <link>/seance_19217/7_synthese_decision_prov1343315674936.doc</link>
    </file>
    <file>
        <Label>-Pouvoir</Label>
        <link>/seance_19217/8_POUVOIR1348215625792.DOC</link>
    </file>
    <file>
        <Label>-Ordre du Jour</Label>
        <link>/seance_19217/9_OJ_09-071348215649804.rtf</link>
    </file>
    <file>
        <Label>-Décisions</Label>
        <link>/seance_19217/10_Decisions_du_President_juillet_2012.doc_11348215734909.doc</link>
    </file>
    <file>
        <Label>-Convocation</Label>
        <link>/seance_19217/11_convocation1348216565371.pdf</link>
    </file>
    <file>
        <Label>-Convocation suppléants</Label>
        <link>/seance_19217/12_convocation_supp1348216607176.pdf</link>
    </file>
    <file>
        <Label>-Procés verbal du 28/06/12</Label>
        <link>/seance_19217/13_PV_29-061348216655385.rtf</link>
    </file>
    <delib docid="32335">
        <RAP_TITRE>Affectation du résultat de l'exercice 2011 - Budget Principal de la Communauté d'Agglomération de Montpellier - Adoption</RAP_TITRE>
        <RAP_INSTRUCTEUR>Bertrand GARCIA</RAP_INSTRUCTEUR>
        <RAP_SERVICE>Direction des Finances</RAP_SERVICE>
        <RAP_DIRECTION>Direction Pôle Ressources et Moyens</RAP_DIRECTION>
        <RAP_RESUME></RAP_RESUME>
        <RAP_RAPPORTEUR>M. T. BREYSSE</RAP_RAPPORTEUR>
        <RAP_COM_PRINCIP>K - Finances</RAP_COM_PRINCIP>
        <RAP_COM_RESPONSABLE>BREYSSE T.</RAP_COM_RESPONSABLE>
        <RAP_NUM_CHRONO>4</RAP_NUM_CHRONO>
        <RAP_NUM_SUIVI>4</RAP_NUM_SUIVI>
        <RAP_TYPE>normal</RAP_TYPE>
        <DDE_TITRE>Affectation du résultat de l'exercice 2011 - Budget Principal de la Communauté d'Agglomération de Montpellier - Adoption</DDE_TITRE>
        <DDE_NUMERO>10988</DDE_NUMERO>
        <DDE_DT_VOTE>19/07/2012</DDE_DT_VOTE>
        <DDE_RESULTAT>adopte à l'unanimité</DDE_RESULTAT>
        <DDE_RETOUR_LEGA></DDE_RETOUR_LEGA>
        <file>
            <Delibfile>/seance_19217/15_d1348220971375.pdf</Delibfile>
            <Rapportfile>/seance_19217/14_r1348220970774.pdf</Rapportfile>
        </file>
        <champ libelle="Résumé (Tableau DGS)" code="CAM_RAP_1">Affectation du résultat de l'exercice 2011&#xD;
- affecter lexcédent de fonctionnement à la section dinvestissement pour un montant de 89 502 600,70 € et à la section de fonctionnement pour un montant de	10 772 202,98 €&#xD;
- procéder aux opérations budgétaires suivantes : &#xD;
001 (dépense) : Solde dexécution de la section dinvestissement reporté : - 89 566 063,69 €&#xD;
1068 (recette) : Excédents de fonctionnement capitalisés : 89 502 600,70 €&#xD;
002 (recette) résultat de fonctionnement reporté : 10 772 202,98 €&#xD;
</champ>
        <champ libelle="Montant en . T.T.C." code="CAM_RAP_7"></champ>
        <champ libelle="Dispositif" code="CAM_RAP_2">- affecter lexcédent de fonctionnement à la section dinvestissement pour un montant de 89 502 600,70 € et à la section de fonctionnement pour un montant de	10 772 202,98 €&#xD;
- procéder aux opérations budgétaires suivantes : &#xD;
001 (dépense) : Solde dexécution de la section dinvestissement reporté : - 89 566 063,69 €&#xD;
1068 (recette) : Excédents de fonctionnement capitalisés : 89 502 600,70 €&#xD;
002 (recette) résultat de fonctionnement reporté : 10 772 202,98 €&#xD;
- autoriser Monsieur le Président de la Communauté dAgglomération de Montpellier à signer tout document se rapportant à cette affaire.</champ>
        <champ libelle="Contexte ( Fiche de présentation)" code="CAM_RAP_9"></champ>
        <champ libelle="Enjeux (Fiche de présentation)" code="CAM_RAP_10"></champ>
        <champ libelle="Proposition (Fiche de présentation)" code="CAM_RAP_11"></champ>
        <champ libelle="liste des signataires (Réservé au Conseil)" code="CAM_RAP_4">M. Jean-Pierre MOURE</champ>
        <champ libelle="Juridique (Réservé au Conseil)" code="CAM_RAP_6">l.bonnet</champ>
        <champ libelle="Numero d'ordre (Réservé au Conseil)" code="CAM_RAP_ODJ"></champ>
        <champ libelle="Réaffectation (Réservé au Conseil)" code="CAM_RAP_REAFFECTATION">DIRPOLERM</champ>
        <champ libelle="Date de dépôt (Réservé Conseil)" code="CAM_RAP_DATE_DEPOT"></champ>
        <champ libelle="Date de Publication (Réservé Conseil)" code="CAM_RAP_DATE_PUBLICATION"></champ>
        <champ libelle="Type d'acte" code="CAM_TYP_ACTE"></champ>
        <ODJ_CLASS order=""></ODJ_CLASS>
    </delib>
    <delib docid="32336">
        <RAP_TITRE>Affectation du résultat de l'exercice 2011 - Budget Annexe des Services Funéraires de la Communauté d'Agglomération de Montpellier - Adoption</RAP_TITRE>
        <RAP_INSTRUCTEUR>Bertrand GARCIA</RAP_INSTRUCTEUR>
        <RAP_SERVICE>Direction des Finances</RAP_SERVICE>
        <RAP_DIRECTION>Direction Pôle Ressources et Moyens</RAP_DIRECTION>
        <RAP_RESUME></RAP_RESUME>
        <RAP_RAPPORTEUR>M. T. BREYSSE</RAP_RAPPORTEUR>
        <RAP_COM_PRINCIP>K - Finances</RAP_COM_PRINCIP>
        <RAP_COM_RESPONSABLE>BREYSSE T.</RAP_COM_RESPONSABLE>
        <RAP_NUM_CHRONO>5</RAP_NUM_CHRONO>
        <RAP_NUM_SUIVI>5</RAP_NUM_SUIVI>
        <RAP_TYPE>normal</RAP_TYPE>
        <DDE_TITRE>Affectation du résultat de l'exercice 2011 - Budget Annexe des Services Funéraires de la Communauté d'Agglomération de Montpellier - Adoption</DDE_TITRE>
        <DDE_NUMERO>10989</DDE_NUMERO>
        <DDE_DT_VOTE>19/07/2012</DDE_DT_VOTE>
        <DDE_RESULTAT>adopte à l'unanimité</DDE_RESULTAT>
        <DDE_RETOUR_LEGA></DDE_RETOUR_LEGA>
        <file>
            <Delibfile>/seance_19217/17_d1348220973481.pdf</Delibfile>
            <Rapportfile>/seance_19217/16_r1348220972467.pdf</Rapportfile>
        </file>
        <champ libelle="Résumé (Tableau DGS)" code="CAM_RAP_1">Affectation du résultat de l'exercice 2011&#xD;
- affecter lexcédent de fonctionnement à la section de fonctionnement pour un montant de 2 492 307,95 €&#xD;
- procéder aux opérations budgétaires suivantes :&#xD;
001 (recette) : Solde dexécution de la section dinvestissement reporté : 896 799,40 €&#xD;
002 (recette) : Résultat de fonctionnement reporté : 2 492 307,95 €</champ>
        <champ libelle="Montant en . T.T.C." code="CAM_RAP_7"></champ>
        <champ libelle="Dispositif" code="CAM_RAP_2">- affecter lexcédent de fonctionnement à la section de fonctionnement pour un montant de 2 492 307,95 €&#xD;
- procéder aux opérations budgétaires suivantes :&#xD;
001 (recette) : Solde dexécution de la section dinvestissement reporté : 896 799,40 €&#xD;
002 (recette) : Résultat de fonctionnement reporté : 2 492 307,95 €&#xD;
- autoriser Monsieur le Président de la Communauté dAgglomération de Montpellier à signer tout document se rapportant à cette affaire.</champ>
        <champ libelle="Contexte ( Fiche de présentation)" code="CAM_RAP_9"></champ>
        <champ libelle="Enjeux (Fiche de présentation)" code="CAM_RAP_10"></champ>
        <champ libelle="Proposition (Fiche de présentation)" code="CAM_RAP_11"></champ>
        <champ libelle="liste des signataires (Réservé au Conseil)" code="CAM_RAP_4">M. Jean-Pierre MOURE</champ>
        <champ libelle="Juridique (Réservé au Conseil)" code="CAM_RAP_6">l.bonnet</champ>
        <champ libelle="Numero d'ordre (Réservé au Conseil)" code="CAM_RAP_ODJ"></champ>
        <champ libelle="Réaffectation (Réservé au Conseil)" code="CAM_RAP_REAFFECTATION"></champ>
        <champ libelle="Date de dépôt (Réservé Conseil)" code="CAM_RAP_DATE_DEPOT"></champ>
        <champ libelle="Date de Publication (Réservé Conseil)" code="CAM_RAP_DATE_PUBLICATION"></champ>
        <champ libelle="Type d'acte" code="CAM_TYP_ACTE"></champ>
        <ODJ_CLASS order=""></ODJ_CLASS>
    </delib>
    <delib docid="32337">
        <RAP_TITRE>Affectation du résultat de l'exercice 2011 - Budget Annexe du Service Assainissement de la Communauté d'Agglomération de Montpellier - Adoption</RAP_TITRE>
        <RAP_INSTRUCTEUR>Bertrand GARCIA</RAP_INSTRUCTEUR>
        <RAP_SERVICE>Direction des Finances</RAP_SERVICE>
        <RAP_DIRECTION>Direction Pôle Ressources et Moyens</RAP_DIRECTION>
        <RAP_RESUME></RAP_RESUME>
        <RAP_RAPPORTEUR>M. T. BREYSSE</RAP_RAPPORTEUR>
        <RAP_COM_PRINCIP>K - Finances</RAP_COM_PRINCIP>
        <RAP_COM_RESPONSABLE>BREYSSE T.</RAP_COM_RESPONSABLE>
        <RAP_NUM_CHRONO>6</RAP_NUM_CHRONO>
        <RAP_NUM_SUIVI>6</RAP_NUM_SUIVI>
        <RAP_TYPE>normal</RAP_TYPE>
        <DDE_TITRE>Affectation du résultat de l'exercice 2011 - Budget Annexe du Service Assainissement de la Communauté d'Agglomération de Montpellier - Adoption</DDE_TITRE>
        <DDE_NUMERO>10990</DDE_NUMERO>
        <DDE_DT_VOTE>19/07/2012</DDE_DT_VOTE>
        <DDE_RESULTAT>adopte à l'unanimité</DDE_RESULTAT>
        <DDE_RETOUR_LEGA></DDE_RETOUR_LEGA>
        <file>
            <Delibfile>/seance_19217/19_d1348220975349.pdf</Delibfile>
            <Rapportfile>/seance_19217/18_r1348220974787.pdf</Rapportfile>
        </file>
        <champ libelle="Résumé (Tableau DGS)" code="CAM_RAP_1">Affectation du résultat de l'exercice 2011&#xD;
Il convient d'affecter lexcédent de fonctionnement 2011 à la section dinvestissement pour un montant de 9 719 246,42 € et à la section de fonctionnement pour un montant de 2 279 273,68 €&#xD;
et de procéder aux opérations budgétaires suivantes : &#xD;
001 (dépense): Solde dexécution de la section dinvestissement reporté : - 9 726 460,90 €&#xD;
1068 (recette): Excédents de fonctionnement capitalisés : 9 719 246,42 €&#xD;
002 (recette): Résultat de fonctionnement reporté : 2 279 273,68 €</champ>
        <champ libelle="Montant en . T.T.C." code="CAM_RAP_7"></champ>
        <champ libelle="Dispositif" code="CAM_RAP_2">- affecter lexcédent de fonctionnement 2011 à la section dinvestissement pour un montant de 9 719 246,42 € et à la section de fonctionnement pour un montant de 2 279 273,68 €&#xD;
- procéder aux opérations budgétaires suivantes : &#xD;
001 (dépense): Solde dexécution de la section dinvestissement reporté : - 9 726 460,90 €&#xD;
1068 (recette): Excédents de fonctionnement capitalisés : 9 719 246,42 €&#xD;
002 (recette): Résultat de fonctionnement reporté : 2 279 273,68 €&#xD;
- autoriser Monsieur le Président de la Communauté dAgglomération de Montpellier à signer tout document se rapportant à cette affaire.</champ>
        <champ libelle="Contexte ( Fiche de présentation)" code="CAM_RAP_9"></champ>
        <champ libelle="Enjeux (Fiche de présentation)" code="CAM_RAP_10"></champ>
        <champ libelle="Proposition (Fiche de présentation)" code="CAM_RAP_11"></champ>
        <champ libelle="liste des signataires (Réservé au Conseil)" code="CAM_RAP_4">M. Jean-Pierre MOURE</champ>
        <champ libelle="Juridique (Réservé au Conseil)" code="CAM_RAP_6">l.bonnet</champ>
        <champ libelle="Numero d'ordre (Réservé au Conseil)" code="CAM_RAP_ODJ"></champ>
        <champ libelle="Réaffectation (Réservé au Conseil)" code="CAM_RAP_REAFFECTATION"></champ>
        <champ libelle="Date de dépôt (Réservé Conseil)" code="CAM_RAP_DATE_DEPOT"></champ>
        <champ libelle="Date de Publication (Réservé Conseil)" code="CAM_RAP_DATE_PUBLICATION"></champ>
        <champ libelle="Type d'acte" code="CAM_TYP_ACTE"></champ>
        <ODJ_CLASS order=""></ODJ_CLASS>
    </delib>
    <champ libelle="14/06/2012" code="CAM_SEA_3">14/06/2012</champ>
    <champ libelle="Domaine de la Providence, sis 1784 avenue de Toulouse à Montpellier" code="CAM_SEA_BUR_LIEU">Domaine de la Providence, sis 1784 avenue de Toulouse à Montpellier</champ>
    <champ libelle="MARDI 10 JUILLET 2012 A 11H00" code="CAM_SEA_BUR_DATE">MARDI 10 JUILLET 2012 A 11H00</champ>
    <champ libelle=" " code="CAM_REAFFECTATION"> </champ>
    <champ libelle="M. Jean-Pierre MOURE" code="CAM_SEA_2">M. Jean-Pierre MOURE</champ>
    <champ libelle="Le Président" code="CAM_SEA_FCT_SIGNATAIRE">Le Président</champ>
    <champ libelle="L'an deux mille douze et le dix-neuf juillet à dix-huit heures" code="CAM_SEA_1">L'an deux mille douze et le dix-neuf juillet à dix-huit heures</champ>
    <champ libelle="26/07/2012" code="CAM_SEA_DATE_PUB">26/07/2012</champ>
    <champ libelle="25/07/2012" code="CAM_SEA_DATE_DEPOT2">25/07/2012</champ>
    <champ libelle="OUI" code="CAM_SEA_SIGNE">OUI</champ>
</seance>
