<?xml version="1.0" encoding="utf-8"?>
<n:PES_ACQUIT xmlns:n="http://www.minefi.gouv.fr/cp/helios/pes_v2/Rev0/retour">
  <Enveloppe>
    <Parametres> <Version V="2" /><TypFic V="PESALR2" /><NomFic V="PES1201502031514431" /></Parametres>
    <Emetteur> <Sigle V="HODITE" /></Emetteur>
    <Recepteur> <Sigle V="Editeur Logica GDA V6.6L0P2R27" /><Adresse V="Moteur PES GDA V1.0" /></Recepteur>
  </Enveloppe>
  <EnTetePES>
    <DteStr V="2015-02-03" />
    <IdPost V="033017" />
    <IdColl V="21330063500017" />
    <CodCol V="100" />
    <CodBud V="00" />
  </EnTetePES>
  <ACQUIT>
    <EnTeteAcquit> <IdVer V="2" /></EnTeteAcquit>
    <ElementACQUIT> <DomaineAck V="5" /><EtatAck V="1" /><ExerciceBord V="2015" /><NumBord V="9" /></ElementACQUIT>
    <ElementACQUIT> <DomaineAck V="4" /><EtatAck V="1" /><IdUnique V="21330063500017D20150000011" /></ElementACQUIT>
    <ElementACQUIT> <DomaineAck V="4" /><EtatAck V="1" /><IdUnique V="21330063500017D20150000010" /></ElementACQUIT>
  </ACQUIT>
</n:PES_ACQUIT>