<?xml version="1.0" encoding="utf-8"?>
<n:PES_ACQUIT xmlns:n="http://www.minefi.gouv.fr/cp/helios/pes_v2/Rev0/retour">
  <Enveloppe>
    <Parametres> <Version V="2" /><TypFic V="PESALR2" /><NomFic V="PES1201502031605241" /></Parametres>
    <Emetteur> <Sigle V="HODITE" /></Emetteur>
    <Recepteur> <Sigle V="Editeur Logica GDA V6.6L0P2R27" /><Adresse V="Moteur PES GDA V1.0" /></Recepteur>
  </Enveloppe>
  <EnTetePES>
    <DteStr V="2015-02-03" />
    <IdPost V="033017" />
    <IdColl V="21330063500017" />
    <CodCol V="100" />
    <CodBud V="00" />
  </EnTetePES>
  <ACQUIT>
    <EnTeteAcquit> <IdVer V="2" /></EnTeteAcquit>
    <ElementACQUIT> <DomaineAck V="5" /><EtatAck V="1" /><ExerciceBord V="2015" /><NumBord V="15" /></ElementACQUIT>
    <ElementACQUIT> <DomaineAck V="4" /><EtatAck V="1" /><IdUnique V="21330063500017R20150001165" /></ElementACQUIT>
    <ElementACQUIT> <DomaineAck V="4" /><EtatAck V="1" /><IdUnique V="21330063500017R20150001166" /></ElementACQUIT>
    <ElementACQUIT> <DomaineAck V="4" /><EtatAck V="1" /><IdUnique V="21330063500017R20150001167" /></ElementACQUIT>
    <ElementACQUIT> <DomaineAck V="4" /><EtatAck V="1" /><IdUnique V="21330063500017R20150001168" /></ElementACQUIT>
    <ElementACQUIT> <DomaineAck V="4" /><EtatAck V="1" /><IdUnique V="21330063500017R20150001169" /></ElementACQUIT>
    <ElementACQUIT> <DomaineAck V="4" /><EtatAck V="1" /><IdUnique V="21330063500017R20150001170" /></ElementACQUIT>
    <ElementACQUIT> <DomaineAck V="4" /><EtatAck V="1" /><IdUnique V="21330063500017R20150001171" /></ElementACQUIT>
    <ElementACQUIT> <DomaineAck V="4" /><EtatAck V="1" /><IdUnique V="21330063500017R20150001172" /></ElementACQUIT>
    <ElementACQUIT> <DomaineAck V="4" /><EtatAck V="1" /><IdUnique V="21330063500017R20150001173" /></ElementACQUIT>
    <ElementACQUIT> <DomaineAck V="4" /><EtatAck V="1" /><IdUnique V="21330063500017R20150001174" /></ElementACQUIT>
    <ElementACQUIT> <DomaineAck V="4" /><EtatAck V="1" /><IdUnique V="21330063500017R20150001175" /></ElementACQUIT>
    <ElementACQUIT> <DomaineAck V="4" /><EtatAck V="1" /><IdUnique V="21330063500017R20150001176" /></ElementACQUIT>
    <ElementACQUIT> <DomaineAck V="4" /><EtatAck V="1" /><IdUnique V="21330063500017R20150001177" /></ElementACQUIT>
    <ElementACQUIT> <DomaineAck V="4" /><EtatAck V="1" /><IdUnique V="21330063500017R20150001178" /></ElementACQUIT>
    <ElementACQUIT> <DomaineAck V="4" /><EtatAck V="1" /><IdUnique V="21330063500017R20150001179" /></ElementACQUIT>
    <ElementACQUIT> <DomaineAck V="4" /><EtatAck V="1" /><IdUnique V="21330063500017R20150001180" /></ElementACQUIT>
    <ElementACQUIT> <DomaineAck V="4" /><EtatAck V="1" /><IdUnique V="21330063500017R20150001181" /></ElementACQUIT>
    <ElementACQUIT> <DomaineAck V="4" /><EtatAck V="1" /><IdUnique V="21330063500017R20150001182" /></ElementACQUIT>
    <ElementACQUIT> <DomaineAck V="4" /><EtatAck V="1" /><IdUnique V="21330063500017R20150001183" /></ElementACQUIT>
    <ElementACQUIT> <DomaineAck V="4" /><EtatAck V="1" /><IdUnique V="21330063500017R20150001184" /></ElementACQUIT>
    <ElementACQUIT> <DomaineAck V="4" /><EtatAck V="1" /><IdUnique V="21330063500017R20150001185" /></ElementACQUIT>
    <ElementACQUIT> <DomaineAck V="4" /><EtatAck V="1" /><IdUnique V="21330063500017R20150001186" /></ElementACQUIT>
    <ElementACQUIT> <DomaineAck V="4" /><EtatAck V="1" /><IdUnique V="21330063500017R20150001187" /></ElementACQUIT>
    <ElementACQUIT> <DomaineAck V="4" /><EtatAck V="1" /><IdUnique V="21330063500017R20150001188" /></ElementACQUIT>
    <ElementACQUIT> <DomaineAck V="4" /><EtatAck V="1" /><IdUnique V="21330063500017R20150001189" /></ElementACQUIT>
    <ElementACQUIT> <DomaineAck V="4" /><EtatAck V="1" /><IdUnique V="21330063500017R20150001190" /></ElementACQUIT>
    <ElementACQUIT> <DomaineAck V="4" /><EtatAck V="1" /><IdUnique V="21330063500017R20150001191" /></ElementACQUIT>
    <ElementACQUIT> <DomaineAck V="4" /><EtatAck V="1" /><IdUnique V="21330063500017R20150001192" /></ElementACQUIT>
    <ElementACQUIT> <DomaineAck V="4" /><EtatAck V="1" /><IdUnique V="21330063500017R20150001193" /></ElementACQUIT>
    <ElementACQUIT> <DomaineAck V="4" /><EtatAck V="1" /><IdUnique V="21330063500017R20150001194" /></ElementACQUIT>
    <ElementACQUIT> <DomaineAck V="4" /><EtatAck V="1" /><IdUnique V="21330063500017R20150001195" /></ElementACQUIT>
    <ElementACQUIT> <DomaineAck V="4" /><EtatAck V="1" /><IdUnique V="21330063500017R20150001196" /></ElementACQUIT>
    <ElementACQUIT> <DomaineAck V="4" /><EtatAck V="1" /><IdUnique V="21330063500017R20150001197" /></ElementACQUIT>
    <ElementACQUIT> <DomaineAck V="4" /><EtatAck V="1" /><IdUnique V="21330063500017R20150001198" /></ElementACQUIT>
    <ElementACQUIT> <DomaineAck V="4" /><EtatAck V="1" /><IdUnique V="21330063500017R20150001199" /></ElementACQUIT>
    <ElementACQUIT> <DomaineAck V="4" /><EtatAck V="1" /><IdUnique V="21330063500017R20150001200" /></ElementACQUIT>
    <ElementACQUIT> <DomaineAck V="4" /><EtatAck V="1" /><IdUnique V="21330063500017R20150001201" /></ElementACQUIT>
    <ElementACQUIT> <DomaineAck V="4" /><EtatAck V="1" /><IdUnique V="21330063500017R20150001202" /></ElementACQUIT>
    <ElementACQUIT> <DomaineAck V="4" /><EtatAck V="1" /><IdUnique V="21330063500017R20150001203" /></ElementACQUIT>
    <ElementACQUIT> <DomaineAck V="4" /><EtatAck V="1" /><IdUnique V="21330063500017R20150001204" /></ElementACQUIT>
    <ElementACQUIT> <DomaineAck V="4" /><EtatAck V="1" /><IdUnique V="21330063500017R20150001205" /></ElementACQUIT>
    <ElementACQUIT> <DomaineAck V="4" /><EtatAck V="1" /><IdUnique V="21330063500017R20150001206" /></ElementACQUIT>
    <ElementACQUIT> <DomaineAck V="4" /><EtatAck V="1" /><IdUnique V="21330063500017R20150001207" /></ElementACQUIT>
    <ElementACQUIT> <DomaineAck V="4" /><EtatAck V="1" /><IdUnique V="21330063500017R20150001208" /></ElementACQUIT>
    <ElementACQUIT> <DomaineAck V="4" /><EtatAck V="1" /><IdUnique V="21330063500017R20150001209" /></ElementACQUIT>
    <ElementACQUIT> <DomaineAck V="4" /><EtatAck V="1" /><IdUnique V="21330063500017R20150001210" /></ElementACQUIT>
    <ElementACQUIT> <DomaineAck V="4" /><EtatAck V="1" /><IdUnique V="21330063500017R20150001211" /></ElementACQUIT>
    <ElementACQUIT> <DomaineAck V="4" /><EtatAck V="1" /><IdUnique V="21330063500017R20150001212" /></ElementACQUIT>
    <ElementACQUIT> <DomaineAck V="4" /><EtatAck V="1" /><IdUnique V="21330063500017R20150001213" /></ElementACQUIT>
    <ElementACQUIT> <DomaineAck V="4" /><EtatAck V="1" /><IdUnique V="21330063500017R20150001214" /></ElementACQUIT>
    <ElementACQUIT> <DomaineAck V="4" /><EtatAck V="1" /><IdUnique V="21330063500017R20150001215" /></ElementACQUIT>
    <ElementACQUIT> <DomaineAck V="4" /><EtatAck V="1" /><IdUnique V="21330063500017R20150001216" /></ElementACQUIT>
    <ElementACQUIT> <DomaineAck V="4" /><EtatAck V="1" /><IdUnique V="21330063500017R20150001217" /></ElementACQUIT>
    <ElementACQUIT> <DomaineAck V="4" /><EtatAck V="1" /><IdUnique V="21330063500017R20150001218" /></ElementACQUIT>
    <ElementACQUIT> <DomaineAck V="4" /><EtatAck V="1" /><IdUnique V="21330063500017R20150001219" /></ElementACQUIT>
    <ElementACQUIT> <DomaineAck V="4" /><EtatAck V="1" /><IdUnique V="21330063500017R20150001220" /></ElementACQUIT>
    <ElementACQUIT> <DomaineAck V="4" /><EtatAck V="1" /><IdUnique V="21330063500017R20150001221" /></ElementACQUIT>
    <ElementACQUIT> <DomaineAck V="4" /><EtatAck V="1" /><IdUnique V="21330063500017R20150001222" /></ElementACQUIT>
    <ElementACQUIT> <DomaineAck V="4" /><EtatAck V="1" /><IdUnique V="21330063500017R20150001223" /></ElementACQUIT>
    <ElementACQUIT> <DomaineAck V="4" /><EtatAck V="1" /><IdUnique V="21330063500017R20150001224" /></ElementACQUIT>
    <ElementACQUIT> <DomaineAck V="4" /><EtatAck V="1" /><IdUnique V="21330063500017R20150001225" /></ElementACQUIT>
    <ElementACQUIT> <DomaineAck V="4" /><EtatAck V="1" /><IdUnique V="21330063500017R20150001226" /></ElementACQUIT>
    <ElementACQUIT> <DomaineAck V="4" /><EtatAck V="1" /><IdUnique V="21330063500017R20150001227" /></ElementACQUIT>
    <ElementACQUIT> <DomaineAck V="4" /><EtatAck V="1" /><IdUnique V="21330063500017R20150001228" /></ElementACQUIT>
    <ElementACQUIT> <DomaineAck V="4" /><EtatAck V="1" /><IdUnique V="21330063500017R20150001229" /></ElementACQUIT>
    <ElementACQUIT> <DomaineAck V="4" /><EtatAck V="1" /><IdUnique V="21330063500017R20150001230" /></ElementACQUIT>
    <ElementACQUIT> <DomaineAck V="4" /><EtatAck V="1" /><IdUnique V="21330063500017R20150001231" /></ElementACQUIT>
    <ElementACQUIT> <DomaineAck V="4" /><EtatAck V="1" /><IdUnique V="21330063500017R20150001232" /></ElementACQUIT>
    <ElementACQUIT> <DomaineAck V="4" /><EtatAck V="1" /><IdUnique V="21330063500017R20150001233" /></ElementACQUIT>
    <ElementACQUIT> <DomaineAck V="4" /><EtatAck V="1" /><IdUnique V="21330063500017R20150001234" /></ElementACQUIT>
    <ElementACQUIT> <DomaineAck V="4" /><EtatAck V="1" /><IdUnique V="21330063500017R20150001235" /></ElementACQUIT>
    <ElementACQUIT> <DomaineAck V="4" /><EtatAck V="1" /><IdUnique V="21330063500017R20150001236" /></ElementACQUIT>
    <ElementACQUIT> <DomaineAck V="4" /><EtatAck V="1" /><IdUnique V="21330063500017R20150001237" /></ElementACQUIT>
    <ElementACQUIT> <DomaineAck V="4" /><EtatAck V="1" /><IdUnique V="21330063500017R20150001238" /></ElementACQUIT>
    <ElementACQUIT> <DomaineAck V="4" /><EtatAck V="1" /><IdUnique V="21330063500017R20150001239" /></ElementACQUIT>
    <ElementACQUIT> <DomaineAck V="4" /><EtatAck V="1" /><IdUnique V="21330063500017R20150001240" /></ElementACQUIT>
    <ElementACQUIT> <DomaineAck V="4" /><EtatAck V="1" /><IdUnique V="21330063500017R20150001241" /></ElementACQUIT>
    <ElementACQUIT> <DomaineAck V="4" /><EtatAck V="1" /><IdUnique V="21330063500017R20150001242" /></ElementACQUIT>
    <ElementACQUIT> <DomaineAck V="4" /><EtatAck V="1" /><IdUnique V="21330063500017R20150001243" /></ElementACQUIT>
    <ElementACQUIT> <DomaineAck V="4" /><EtatAck V="1" /><IdUnique V="21330063500017R20150001244" /></ElementACQUIT>
    <ElementACQUIT> <DomaineAck V="4" /><EtatAck V="1" /><IdUnique V="21330063500017R20150001245" /></ElementACQUIT>
    <ElementACQUIT> <DomaineAck V="4" /><EtatAck V="1" /><IdUnique V="21330063500017R20150001246" /></ElementACQUIT>
    <ElementACQUIT> <DomaineAck V="4" /><EtatAck V="1" /><IdUnique V="21330063500017R20150001247" /></ElementACQUIT>
    <ElementACQUIT> <DomaineAck V="4" /><EtatAck V="1" /><IdUnique V="21330063500017R20150001248" /></ElementACQUIT>
    <ElementACQUIT> <DomaineAck V="4" /><EtatAck V="1" /><IdUnique V="21330063500017R20150001249" /></ElementACQUIT>
    <ElementACQUIT> <DomaineAck V="4" /><EtatAck V="1" /><IdUnique V="21330063500017R20150001250" /></ElementACQUIT>
    <ElementACQUIT> <DomaineAck V="4" /><EtatAck V="1" /><IdUnique V="21330063500017R20150001251" /></ElementACQUIT>
    <ElementACQUIT> <DomaineAck V="4" /><EtatAck V="1" /><IdUnique V="21330063500017R20150001252" /></ElementACQUIT>
    <ElementACQUIT> <DomaineAck V="4" /><EtatAck V="1" /><IdUnique V="21330063500017R20150001253" /></ElementACQUIT>
    <ElementACQUIT> <DomaineAck V="4" /><EtatAck V="1" /><IdUnique V="21330063500017R20150001254" /></ElementACQUIT>
    <ElementACQUIT> <DomaineAck V="4" /><EtatAck V="1" /><IdUnique V="21330063500017R20150001255" /></ElementACQUIT>
    <ElementACQUIT> <DomaineAck V="4" /><EtatAck V="1" /><IdUnique V="21330063500017R20150001256" /></ElementACQUIT>
    <ElementACQUIT> <DomaineAck V="4" /><EtatAck V="1" /><IdUnique V="21330063500017R20150001257" /></ElementACQUIT>
    <ElementACQUIT> <DomaineAck V="4" /><EtatAck V="1" /><IdUnique V="21330063500017R20150001258" /></ElementACQUIT>
    <ElementACQUIT> <DomaineAck V="4" /><EtatAck V="1" /><IdUnique V="21330063500017R20150001259" /></ElementACQUIT>
    <ElementACQUIT> <DomaineAck V="4" /><EtatAck V="1" /><IdUnique V="21330063500017R20150001260" /></ElementACQUIT>
    <ElementACQUIT> <DomaineAck V="4" /><EtatAck V="1" /><IdUnique V="21330063500017R20150001261" /></ElementACQUIT>
    <ElementACQUIT> <DomaineAck V="4" /><EtatAck V="1" /><IdUnique V="21330063500017R20150001262" /></ElementACQUIT>
    <ElementACQUIT> <DomaineAck V="4" /><EtatAck V="1" /><IdUnique V="21330063500017R20150001263" /></ElementACQUIT>
    <ElementACQUIT> <DomaineAck V="4" /><EtatAck V="1" /><IdUnique V="21330063500017R20150001264" /></ElementACQUIT>
  </ACQUIT>
</n:PES_ACQUIT>