<?xml version="1.0" encoding="utf-8"?>
<n:PES_ACQUIT xmlns:n="http://www.minefi.gouv.fr/cp/helios/pes_v2/Rev0/retour">
  <Enveloppe>
    <Parametres> <Version V="2" /><TypFic V="PES_PJ" /><NomFic V="PES201502021051501" /></Parametres>
    <Emetteur> <Sigle V="HODITE" /></Emetteur>
    <Recepteur> <Sigle V="Editeur Logica GDA V6.6L0P2R27" /><Adresse V="Moteur PES GDA V1.0" /></Recepteur>
  </Enveloppe>
  <EnTetePES>
    <DteStr V="2015-02-02" />
    <IdPost V="033017" />
    <IdColl V="21330063500017" />
    <CodCol V="100" />
    <CodBud V="00" />
  </EnTetePES>
  <ACQUIT>
    <EnTeteAcquit> <IdVer V="" /></EnTeteAcquit>
    <ElementACQUIT> <DomaineAck V="5" /><EtatAck V="0" /><ExerciceBord V="" /><NumBord V="" /><NumAnoAck V="ERREUR_BORDEREAU" /><LibelleAnoAck V="L'année de l'exercice est non renseignée, l'identité du bordereau est non renseignée, la date d'emission est non renseignée, le type de bordereau est non renseigné, le nombre de pièce est non renseigné, le montant du cumul annuel est non renseigné et le montant HT du bordereau est non renseigné" /></ElementACQUIT>
    <ElementACQUIT> <DomaineAck V="4" /><EtatAck V="1" /><IdUnique V="21330063500017R20140000076" /></ElementACQUIT>
  </ACQUIT>
</n:PES_ACQUIT>